metric,gemma-4-E4B-it,gemma-4-26B-A4B-it,gemma-4-31b
deceptive_efficacy,-0.0303 ± 0.1268,-0.1155 ± 0.2142,-0.1666 ± 0.2433
spatial_dispersion,0.2904 ± 0.3095,0.2698 ± 0.2948,0.2967 ± 0.3076
alibi_corroboration,0.3917 ± 0.3017,0.4075 ± 0.3179,0.4066 ± 0.3069
alibi_grounding,0.5352 ± 0.2082,0.5805 ± 0.1892,0.5698 ± 0.1887
social_influence,0.1220 ± 0.0969,0.2202 ± 0.1671,0.4086 ± 0.2370
belief_volatility,0.0701 ± 0.0536,0.0842 ± 0.0861,0.0922 ± 0.0792
faction_consensus,0.2767 ± 0.0818,0.1817 ± 0.1040,0.1217 ± 0.0988
objective_viability,0.6570 ± 0.2585,0.5402 ± 0.2355,0.5137 ± 0.2193
n (rows),223,215,214
