metric,deepseek-r1-distill-qwen-32b,gemma-4-26B-A4B-it,gemma-4-31b,qwen3-32b,llama-3.3-70b
deceptive_efficacy,-0.0576 ± 0.2258,-0.1155 ± 0.2142,-0.1666 ± 0.2433,-0.0624 ± 0.2311,-0.0734 ± 0.1568
spatial_dispersion,0.2298 ± 0.3028,0.2698 ± 0.2948,0.2967 ± 0.3076,0.3256 ± 0.3249,0.2827 ± 0.2846
alibi_corroboration,0.4125 ± 0.2903,0.4075 ± 0.3179,0.4066 ± 0.3069,0.4151 ± 0.3095,0.3807 ± 0.3054
alibi_grounding,0.5654 ± 0.1710,0.5805 ± 0.1892,0.5698 ± 0.1887,0.5424 ± 0.2152,0.5704 ± 0.1767
social_influence,0.1899 ± 0.1550,0.2202 ± 0.1671,0.4086 ± 0.2370,0.1425 ± 0.0964,0.0973 ± 0.0754
belief_volatility,0.1069 ± 0.0879,0.0842 ± 0.0861,0.0922 ± 0.0792,0.1323 ± 0.1043,0.0926 ± 0.0779
faction_consensus,0.2215 ± 0.1291,0.1817 ± 0.1040,0.1217 ± 0.0988,0.2018 ± 0.1212,0.2429 ± 0.0835
objective_viability,0.5707 ± 0.2679,0.5402 ± 0.2355,0.5137 ± 0.2193,0.5662 ± 0.2300,0.5874 ± 0.2739
n (rows),284,215,214,215,260
